{
    "macro_f1": 0.8312246298200844,
    "accuracy": 0.9680451127819549,
    "class_scores": {
        "normal": {
            "precision": 0.9808917197452229,
            "recall": 0.9871794871794872,
            "f1": 0.9840255591054313
        },
        "abnormal_1": {
            "precision": 0.36363636363636365,
            "recall": 0.5,
            "f1": 0.42105263157894735
        },
        "abnormal_2": {
            "precision": 0.7857142857142857,
            "recall": 0.7857142857142857,
            "f1": 0.7857142857142857
        },
        "abnormal_3": {
            "precision": 0.9876543209876543,
            "recall": 0.9696969696969697,
            "f1": 0.9785932721712538
        },
        "abnormal_4": {
            "precision": 0.9893617021276596,
            "recall": 0.9841269841269841,
            "f1": 0.986737400530504
        }
    }
}