{
    "macro_f1": 0.8422460223456227,
    "accuracy": 0.9699248120300752,
    "class_scores": {
        "normal": {
            "precision": 0.9808917197452229,
            "recall": 0.9871794871794872,
            "f1": 0.9840255591054313
        },
        "abnormal_1": {
            "precision": 0.6666666666666666,
            "recall": 0.5,
            "f1": 0.5714285714285714
        },
        "abnormal_2": {
            "precision": 0.75,
            "recall": 0.6428571428571429,
            "f1": 0.6923076923076923
        },
        "abnormal_3": {
            "precision": 0.9704142011834319,
            "recall": 0.9939393939393939,
            "f1": 0.9820359281437125
        },
        "abnormal_4": {
            "precision": 0.9840425531914894,
            "recall": 0.9788359788359788,
            "f1": 0.9814323607427056
        }
    }
}