{
    "macro_f1": 0.8064216475288921,
    "accuracy": 0.9642857142857143,
    "class_scores": {
        "normal": {
            "precision": 0.9871794871794872,
            "recall": 0.9871794871794872,
            "f1": 0.9871794871794872
        },
        "abnormal_1": {
            "precision": 0.25,
            "recall": 0.375,
            "f1": 0.3
        },
        "abnormal_2": {
            "precision": 0.7857142857142857,
            "recall": 0.7857142857142857,
            "f1": 0.7857142857142857
        },
        "abnormal_3": {
            "precision": 0.9814814814814815,
            "recall": 0.9636363636363636,
            "f1": 0.9724770642201835
        },
        "abnormal_4": {
            "precision": 0.9893617021276596,
            "recall": 0.9841269841269841,
            "f1": 0.986737400530504
        }
    }
}