{
    "macro_f1": 0.8927761986778465,
    "accuracy": 0.9755639097744361,
    "class_scores": {
        "normal": {
            "precision": 0.9808917197452229,
            "recall": 0.9871794871794872,
            "f1": 0.9840255591054313
        },
        "abnormal_1": {
            "precision": 1.0,
            "recall": 0.625,
            "f1": 0.7692307692307693
        },
        "abnormal_2": {
            "precision": 0.7692307692307693,
            "recall": 0.7142857142857143,
            "f1": 0.7407407407407407
        },
        "abnormal_3": {
            "precision": 0.9879518072289156,
            "recall": 0.9939393939393939,
            "f1": 0.9909365558912386
        },
        "abnormal_4": {
            "precision": 0.9738219895287958,
            "recall": 0.9841269841269841,
            "f1": 0.9789473684210527
        }
    }
}