{
    "macro_f1": 0.8375935190055082,
    "accuracy": 0.9736842105263158,
    "class_scores": {
        "normal": {
            "precision": 0.9871794871794872,
            "recall": 0.9871794871794872,
            "f1": 0.9871794871794872
        },
        "abnormal_1": {
            "precision": 0.5714285714285714,
            "recall": 0.5,
            "f1": 0.5333333333333333
        },
        "abnormal_2": {
            "precision": 0.75,
            "recall": 0.6428571428571429,
            "f1": 0.6923076923076923
        },
        "abnormal_3": {
            "precision": 0.9879518072289156,
            "recall": 0.9939393939393939,
            "f1": 0.9909365558912386
        },
        "abnormal_4": {
            "precision": 0.9790575916230366,
            "recall": 0.9894179894179894,
            "f1": 0.9842105263157894
        }
    }
}