{
    "macro_f1": 0.8375935190055082,
    "class_f1": {
        "normal": 0.9871794871794872,
        "abnormal_1": 0.5333333333333333,
        "abnormal_2": 0.6923076923076923,
        "abnormal_3": 0.9909365558912386,
        "abnormal_4": 0.9842105263157894
    }
}