{
    "macro_f1": 0.8282965303401563,
    "accuracy": 0.9680451127819549,
    "class_scores": {
        "normal": {
            "precision": 1.0,
            "recall": 0.9871794871794872,
            "f1": 0.9935483870967742
        },
        "abnormal_1": {
            "precision": 0.36363636363636365,
            "recall": 0.5,
            "f1": 0.42105263157894735
        },
        "abnormal_2": {
            "precision": 0.8333333333333334,
            "recall": 0.7142857142857143,
            "f1": 0.7692307692307693
        },
        "abnormal_3": {
            "precision": 0.9876543209876543,
            "recall": 0.9696969696969697,
            "f1": 0.9785932721712538
        },
        "abnormal_4": {
            "precision": 0.9689119170984456,
            "recall": 0.9894179894179894,
            "f1": 0.9790575916230366
        }
    }
}