{
    "macro_f1": 0.8211783544457927,
    "accuracy": 0.9548872180451128,
    "class_scores": {
        "normal": {
            "precision": 0.9683544303797469,
            "recall": 0.9807692307692307,
            "f1": 0.9745222929936306
        },
        "abnormal_1": {
            "precision": 0.4166666666666667,
            "recall": 0.625,
            "f1": 0.5
        },
        "abnormal_2": {
            "precision": 0.6111111111111112,
            "recall": 0.7857142857142857,
            "f1": 0.6875
        },
        "abnormal_3": {
            "precision": 0.9877300613496932,
            "recall": 0.9757575757575757,
            "f1": 0.9817073170731707
        },
        "abnormal_4": {
            "precision": 0.9834254143646409,
            "recall": 0.9417989417989417,
            "f1": 0.9621621621621622
        }
    }
}