{
    "macro_f1": 0.7943118557301765,
    "accuracy": 0.9473684210526315,
    "class_scores": {
        "normal": {
            "precision": 0.9806451612903225,
            "recall": 0.9743589743589743,
            "f1": 0.977491961414791
        },
        "abnormal_1": {
            "precision": 0.3076923076923077,
            "recall": 0.5,
            "f1": 0.38095238095238093
        },
        "abnormal_2": {
            "precision": 0.6111111111111112,
            "recall": 0.7857142857142857,
            "f1": 0.6875
        },
        "abnormal_3": {
            "precision": 1.0,
            "recall": 0.9272727272727272,
            "f1": 0.9622641509433962
        },
        "abnormal_4": {
            "precision": 0.9533678756476683,
            "recall": 0.9735449735449735,
            "f1": 0.9633507853403142
        }
    }
}