{
    "macro_f1": 0.8211783544457927,
    "class_f1": {
        "normal": 0.9745222929936306,
        "abnormal_1": 0.5,
        "abnormal_2": 0.6875,
        "abnormal_3": 0.9817073170731707,
        "abnormal_4": 0.9621621621621622
    }
}