{
  "macro_f1": {
    "mean": 0.8491288058633663,
    "std": 0.023975665699669618
  },
  "accuracy": {
    "mean": 0.9695488721804513,
    "std": 0.007556297459489394
  },
  "class_scores": {
    "normal": {
      "precision": {
        "mean": 0.9808993688458335,
        "std": 0.006873941674247273
      },
      "recall": {
        "mean": 0.985897435897436,
        "std": 0.0025641025641025997
      },
      "f1": {
        "mean": 0.9833864771126934,
        "std": 0.004651117337094988
      }
    },
    "abnormal_1": {
      "precision": {
        "mean": 0.6452380952380953,
        "std": 0.1946565089139971
      },
      "recall": {
        "mean": 0.55,
        "std": 0.06123724356957946
      },
      "f1": {
        "mean": 0.5814652014652013,
        "std": 0.09656767045995379
      }
    },
    "abnormal_2": {
      "precision": {
        "mean": 0.7427350427350428,
        "std": 0.07258166761122727
      },
      "recall": {
        "mean": 0.7,
        "std": 0.05345224838248485
      },
      "f1": {
        "mean": 0.7164173789173789,
        "std": 0.03280136859056513
      }
    },
    "abnormal_3": {
      "precision": {
        "mean": 0.9843853329739488,
        "std": 0.006986035153222867
      },
      "recall": {
        "mean": 0.9890909090909092,
        "std": 0.007067820478600364
      },
      "f1": {
        "mean": 0.9866990289756299,
        "std": 0.004097970153048423
      }
    },
    "abnormal_4": {
      "precision": {
        "mean": 0.9788611764082592,
        "std": 0.004407919850731684
      },
      "recall": {
        "mean": 0.9767195767195768,
        "std": 0.017895803730463258
      },
      "f1": {
        "mean": 0.9776759428459272,
        "std": 0.00793370741874551
      }
    }
  }
}