{
    "macro_f1": 0.8518499348420608,
    "accuracy": 0.9736842105263158,
    "class_scores": {
        "normal": {
            "precision": 0.9871794871794872,
            "recall": 0.9871794871794872,
            "f1": 0.9871794871794872
        },
        "abnormal_1": {
            "precision": 0.5714285714285714,
            "recall": 0.5,
            "f1": 0.5333333333333333
        },
        "abnormal_2": {
            "precision": 0.8333333333333334,
            "recall": 0.7142857142857143,
            "f1": 0.7692307692307693
        },
        "abnormal_3": {
            "precision": 0.9878787878787879,
            "recall": 0.9878787878787879,
            "f1": 0.9878787878787879
        },
        "abnormal_4": {
            "precision": 0.9739583333333334,
            "recall": 0.9894179894179894,
            "f1": 0.9816272965879265
        }
    }
}