{
    "macro_f1": 0.8229137452852335,
    "accuracy": 0.9624060150375939,
    "class_scores": {
        "normal": {
            "precision": 0.9935483870967742,
            "recall": 0.9871794871794872,
            "f1": 0.9903536977491961
        },
        "abnormal_1": {
            "precision": 0.4,
            "recall": 0.5,
            "f1": 0.4444444444444444
        },
        "abnormal_2": {
            "precision": 0.6875,
            "recall": 0.7857142857142857,
            "f1": 0.7333333333333333
        },
        "abnormal_3": {
            "precision": 0.9937106918238994,
            "recall": 0.9575757575757575,
            "f1": 0.9753086419753086
        },
        "abnormal_4": {
            "precision": 0.9635416666666666,
            "recall": 0.9788359788359788,
            "f1": 0.9711286089238845
        }
    }
}