{
  "macro_f1": {
    "mean": 0.8097635386328493,
    "std": 0.026337901504840017
  },
  "accuracy": {
    "mean": 0.9646616541353383,
    "std": 0.0030075187969925117
  },
  "class_scores": {
    "normal": {
      "precision": {
        "mean": 0.9885022627533415,
        "std": 0.0074195929491881465
      },
      "recall": {
        "mean": 0.9871794871794872,
        "std": 0.0
      },
      "f1": {
        "mean": 0.9878265380472641,
        "std": 0.003699720242462983
      }
    },
    "abnormal_1": {
      "precision": {
        "mean": 0.3004545454545455,
        "std": 0.10121575025248568
      },
      "recall": {
        "mean": 0.4,
        "std": 0.1457737973711325
      },
      "f1": {
        "mean": 0.34230994152046784,
        "std": 0.11987161548749885
      }
    },
    "abnormal_2": {
      "precision": {
        "mean": 0.7559523809523809,
        "std": 0.05853342747114058
      },
      "recall": {
        "mean": 0.7714285714285714,
        "std": 0.028571428571428557
      },
      "f1": {
        "mean": 0.7614652014652015,
        "std": 0.023745080440957186
      }
    },
    "abnormal_3": {
      "precision": {
        "mean": 0.986441626470772,
        "std": 0.004534253871974722
      },
      "recall": {
        "mean": 0.9672727272727272,
        "std": 0.0061806297134458085
      },
      "f1": {
        "mean": 0.9767391309586637,
        "std": 0.002490964929621814
      }
    },
    "abnormal_4": {
      "precision": {
        "mean": 0.9790268414543537,
        "std": 0.010770604889468724
      },
      "recall": {
        "mean": 0.982010582010582,
        "std": 0.005395787845071739
      },
      "f1": {
        "mean": 0.9804768811726496,
        "std": 0.005845809839918177
      }
    }
  }
}