{
  "macro_f1": {
    "mean": 0.8193945642041793,
    "std": 0.01652756690637338
  },
  "accuracy": {
    "mean": 0.9518796992481203,
    "std": 0.007192152808161272
  },
  "class_scores": {
    "normal": {
      "precision": {
        "mean": 0.9692619698254651,
        "std": 0.007346955012703451
      },
      "recall": {
        "mean": 0.9692307692307691,
        "std": 0.006280742930213255
      },
      "f1": {
        "mean": 0.9692344977269303,
        "std": 0.0059337036258268055
      }
    },
    "abnormal_1": {
      "precision": {
        "mean": 0.4274114774114774,
        "std": 0.09063752856915813
      },
      "recall": {
        "mean": 0.55,
        "std": 0.1
      },
      "f1": {
        "mean": 0.47046091163738224,
        "std": 0.07037495369983257
      }
    },
    "abnormal_2": {
      "precision": {
        "mean": 0.6393713450292398,
        "std": 0.03307829229089129
      },
      "recall": {
        "mean": 0.8285714285714285,
        "std": 0.03499271061118824
      },
      "f1": {
        "mean": 0.7207976827094476,
        "std": 0.021831384792147284
      }
    },
    "abnormal_3": {
      "precision": {
        "mean": 0.9926454261134297,
        "std": 0.007143063758557902
      },
      "recall": {
        "mean": 0.96,
        "std": 0.020498829727621536
      },
      "f1": {
        "mean": 0.9758696871193306,
        "std": 0.008466159005875728
      }
    },
    "abnormal_4": {
      "precision": {
        "mean": 0.9648742426076259,
        "std": 0.0094744186309037
      },
      "recall": {
        "mean": 0.9566137566137567,
        "std": 0.018751370525576037
      },
      "f1": {
        "mean": 0.9606100418278055,
        "std": 0.010658103942641694
      }
    }
  }
}