{
    "macro_f1": 0.8217110231416906,
    "accuracy": 0.9624060150375939,
    "class_scores": {
        "normal": {
            "precision": 0.9743589743589743,
            "recall": 0.9743589743589743,
            "f1": 0.9743589743589743
        },
        "abnormal_1": {
            "precision": 0.5,
            "recall": 0.375,
            "f1": 0.42857142857142855
        },
        "abnormal_2": {
            "precision": 0.6666666666666666,
            "recall": 0.8571428571428571,
            "f1": 0.75
        },
        "abnormal_3": {
            "precision": 0.9878048780487805,
            "recall": 0.9818181818181818,
            "f1": 0.9848024316109423
        },
        "abnormal_4": {
            "precision": 0.973404255319149,
            "recall": 0.9682539682539683,
            "f1": 0.9708222811671088
        }
    }
}