{
    "macro_f1": 0.816714222223548,
    "accuracy": 0.9417293233082706,
    "class_scores": {
        "normal": {
            "precision": 0.9615384615384616,
            "recall": 0.9615384615384616,
            "f1": 0.9615384615384616
        },
        "abnormal_1": {
            "precision": 0.4166666666666667,
            "recall": 0.625,
            "f1": 0.5
        },
        "abnormal_2": {
            "precision": 0.6,
            "recall": 0.8571428571428571,
            "f1": 0.7058823529411765
        },
        "abnormal_3": {
            "precision": 0.9815950920245399,
            "recall": 0.9696969696969697,
            "f1": 0.975609756097561
        },
        "abnormal_4": {
            "precision": 0.9613259668508287,
            "recall": 0.9206349206349206,
            "f1": 0.9405405405405406
        }
    }
}