{
    "macro_f1": 0.7599611401898805,
    "accuracy": 0.9605263157894737,
    "class_scores": {
        "normal": {
            "precision": 0.9808917197452229,
            "recall": 0.9871794871794872,
            "f1": 0.9840255591054313
        },
        "abnormal_1": {
            "precision": 0.125,
            "recall": 0.125,
            "f1": 0.125
        },
        "abnormal_2": {
            "precision": 0.6875,
            "recall": 0.7857142857142857,
            "f1": 0.7333333333333333
        },
        "abnormal_3": {
            "precision": 0.9817073170731707,
            "recall": 0.9757575757575757,
            "f1": 0.9787234042553191
        },
        "abnormal_4": {
            "precision": 0.983957219251337,
            "recall": 0.9735449735449735,
            "f1": 0.9787234042553191
        }
    }
}