{
    "macro_f1": 0.8462660992484162,
    "accuracy": 0.956766917293233,
    "class_scores": {
        "normal": {
            "precision": 0.967741935483871,
            "recall": 0.9615384615384616,
            "f1": 0.9646302250803859
        },
        "abnormal_1": {
            "precision": 0.5555555555555556,
            "recall": 0.625,
            "f1": 0.5882352941176471
        },
        "abnormal_2": {
            "precision": 0.6875,
            "recall": 0.7857142857142857,
            "f1": 0.7333333333333333
        },
        "abnormal_3": {
            "precision": 0.9938271604938271,
            "recall": 0.9757575757575757,
            "f1": 0.9847094801223242
        },
        "abnormal_4": {
            "precision": 0.9578947368421052,
            "recall": 0.9629629629629629,
            "f1": 0.9604221635883905
        }
    }
}