{
    "macro_f1": 0.8179696206770648,
    "accuracy": 0.9511278195488722,
    "class_scores": {
        "normal": {
            "precision": 0.9620253164556962,
            "recall": 0.9743589743589743,
            "f1": 0.9681528662420382
        },
        "abnormal_1": {
            "precision": 0.35714285714285715,
            "recall": 0.625,
            "f1": 0.45454545454545453
        },
        "abnormal_2": {
            "precision": 0.631578947368421,
            "recall": 0.8571428571428571,
            "f1": 0.7272727272727273
        },
        "abnormal_3": {
            "precision": 1.0,
            "recall": 0.9454545454545454,
            "f1": 0.9719626168224299
        },
        "abnormal_4": {
            "precision": 0.9783783783783784,
            "recall": 0.9576719576719577,
            "f1": 0.9679144385026738
        }
    }
}